feature,shap_value,impact,absolute_impact,churn_probability
Contract,0.6925979186363163,Increases churn risk,0.6925979186363163,0.3879663039811107
tenure,0.5495060739645359,Increases churn risk,0.5495060739645359,0.3879663039811107
InternetService,-0.28939683579461883,Decreases churn risk,0.28939683579461883,0.3879663039811107
OnlineSecurity,0.24664596824340515,Increases churn risk,0.24664596824340515,0.3879663039811107
TechSupport,0.19015798352150573,Increases churn risk,0.19015798352150573,0.3879663039811107
PaymentMethod,-0.12327943815288771,Decreases churn risk,0.12327943815288771,0.3879663039811107
MonthlyCharges,-0.09982453641028514,Decreases churn risk,0.09982453641028514,0.3879663039811107
MultipleLines,-0.09409884251125346,Decreases churn risk,0.09409884251125346,0.3879663039811107
AverageMonthlySpend,-0.08719005780104422,Decreases churn risk,0.08719005780104422,0.3879663039811107
OnlineBackup,0.08158699369939208,Increases churn risk,0.08158699369939208,0.3879663039811107
PaperlessBilling,0.07309420612241929,Increases churn risk,0.07309420612241929,0.3879663039811107
StreamingMovies,-0.047815489886895,Decreases churn risk,0.047815489886895,0.3879663039811107
TotalCharges,0.03881831750577243,Increases churn risk,0.03881831750577243,0.3879663039811107
SeniorCitizen,-0.033103229512235655,Decreases churn risk,0.033103229512235655,0.3879663039811107
StreamingTV,-0.014388037245734623,Decreases churn risk,0.014388037245734623,0.3879663039811107
PhoneService,-0.013920304184877122,Decreases churn risk,0.013920304184877122,0.3879663039811107
DeviceProtection,0.012548086445537388,Increases churn risk,0.012548086445537388,0.3879663039811107
ServiceCount,-0.012177273945905287,Decreases churn risk,0.012177273945905287,0.3879663039811107
Dependents,0.011224759935825286,Increases churn risk,0.011224759935825286,0.3879663039811107
gender,0.010593345867850925,Increases churn risk,0.010593345867850925,0.3879663039811107
Partner,-0.001250484627694601,Decreases churn risk,0.001250484627694601,0.3879663039811107
