feature,importance_mean,importance_std
Contract,0.1935180539511809,0.024017129602225067
tenure,0.18203795371478404,0.0226538324763961
InternetService,0.07716566375883818,0.010460925307272608
MonthlyCharges,0.05368411458588723,0.010135345183819873
OnlineSecurity,0.04949964240503794,0.012068695325980488
TechSupport,0.04513883334332418,0.010544197120951244
PaymentMethod,0.04094956296813642,0.004567971639355435
AverageMonthlySpend,0.040042537710164416,0.0065326554766016
PaperlessBilling,0.03793742111197447,0.007477739215346096
TotalCharges,0.03258544744881305,0.00580823629613014
MultipleLines,0.015480619878888158,0.009621269029635298
OnlineBackup,0.015145785169717263,0.004403406504791609
SeniorCitizen,0.013906758280545028,0.004066410860729914
Dependents,0.007058646733180973,0.0036426583929165934
StreamingMovies,0.006684624293155339,0.0037192937886900406
StreamingTV,0.0046166197778205855,0.0033724441617681645
ServiceCount,0.0045771621766627305,0.003914643726597635
DeviceProtection,0.003900654686998006,0.002445078588072306
gender,0.0038517285420149984,0.0027554620179481475
PhoneService,0.00280070298395414,0.0008135687392309751
Partner,0.001107931012813723,0.0008552330953032005
